flight_id,departure_airport_code,arrival_airport_code,departure_datetime,arrival_datetime,flight_duration_hours,airline_name,flight_status
1,CSF,FLW,12/4/2022,6/23/2022,23.21,Vipe,Cancelled
2,BOE,EVD,10/17/2022,8/24/2022,4.95,Photojam,On-time
3,AIZ,ATS,3/12/2022,2/18/2022,22.22,Rhyloo,Delayed
4,HDE,THT,2/17/2022,4/7/2022,9.03,Kanoodle,On-time
5,PAL,KAO,11/21/2022,2/22/2022,17.48,Meembee,Delayed
6,KUX,LBM,9/28/2022,3/13/2022,18.43,Wikibox,Delayed
7,DLD,LFM,1/26/2022,4/28/2022,14.86,Pixope,On-time
8,SSX,REX,7/20/2022,10/30/2022,11.85,Tazzy,Cancelled
9,TUK,ARE,8/24/2022,1/19/2022,16.55,Twinte,On-time
10,ECI,MCR,1/30/2022,2/6/2022,11.34,Edgeify,Delayed
11,UIR,PNX,9/6/2022,8/18/2022,14.02,Edgewire,On-time
12,USQ,TMR,7/26/2022,4/27/2022,17.36,Trunyx,Delayed
13,FNT,LBZ,7/20/2022,7/11/2022,13.52,Gevee,Delayed
14,TVS,ULH,12/5/2022,8/8/2022,18.5,Pixoboo,Cancelled
15,UYL,ERZ,7/5/2022,2/16/2022,3.26,Camimbo,On-time
16,OXY,BYW,8/4/2022,6/15/2022,2.36,Brightdog,Cancelled
17,ANR,NCS,1/29/2022,4/4/2022,11.24,Snaptags,On-time
18,PAX,PBM,4/19/2022,4/19/2022,10.76,Katz,Delayed
19,YGX,HOV,2/18/2022,2/1/2022,15.67,Rooxo,Delayed
20,SAR,AJJ,9/17/2022,4/15/2022,8.02,Skibox,Cancelled
,ESP,0,10/6/2022,8/27/2022,8.55,Voolith,Cancelled
22,HIN,MEQ,3/23/2022,4/24/2022,16.82,Jamia,Delayed
23,ECI,YQZ,2/8/2022,4/15/2022,16.98,Bubbletube,Cancelled
24,ABN,KAU,8/17/2022,8/16/2022,12.57,Trudoo,On-time
25,YEO,TCK,3/6/2022,4/12/2022,14.14,Yambee,Cancelled
26,NVI,GYL,7/17/2022,5/24/2022,11.75,Innotype,Cancelled
27,GZA,TDW,8/13/2022,3/12/2022,22.77,Jayo,Cancelled
28,IQQ,IOW,1/27/2022,3/19/2022,21.67,Tavu,On-time
29,XLU,HRL,5/18/2022,2/23/2022,20.56,Quatz,Delayed
30,AVA,EVN,5/27/2022,7/9/2022,8.58,Nlounge,Cancelled
,SLP,FRL,10/13/2022,1/22/2022,5.21,Zoomzone,Cancelled
,MUQ,KRH,2/2/2022,8/30/2022,6.02,Lazzy,Cancelled
33,MVE,TRU,6/5/2022,5/28/2022,4.03,Skajo,On-time
34,WPO,RHG,3/9/2022,5/23/2022,10.27,Avamm,Cancelled
35,MQH,AMZ,4/6/2022,1/15/2022,8.78,Ainyx,Delayed
36,VLI,VNC,8/30/2022,8/31/2022,13.98,Wordtune,On-time
37,GWE,HBU,3/23/2022,12/15/2022,17.15,Gabvine,On-time
38,DVP,MDV,3/26/2022,5/3/2022,16.46,Janyx,Delayed
39,LSL,LDZ,8/2/2022,1/9/2022,18.6,Jayo,Cancelled
40,YRN,BFG,7/29/2022,9/5/2022,17.11,Gabtune,Cancelled
41,LSU,YBA,7/31/2022,4/23/2022,17.81,Photofeed,Delayed
42,JRA,STD,2/6/2022,7/31/2022,20.25,Shuffletag,Delayed
43,MQN,ZIH,8/7/2022,10/28/2022,21.64,Kaymbo,Delayed
44,0,QNV,6/11/2022,1/24/2022,16.24,Blognation,Delayed
45,ZSW,TLR,6/8/2022,8/19/2022,12.52,Topdrive,Cancelled
46,YJS,CSE,3/7/2022,4/2/2022,19.9,Meetz,Cancelled
47,BVA,YZD,5/1/2022,2/20/2022,17.98,Latz,Delayed
48,SGR,OKG,2/26/2022,4/9/2022,1.7,Skinte,Delayed
49,USK,DZU,7/24/2022,1/21/2022,4.91,Innojam,On-time
50,MEB,LWB,7/17/2022,9/26/2022,6.08,Voomm,On-time
51,EAB,BSC,8/18/2022,9/20/2022,9.83,Skinix,Delayed
52,VYS,SDQ,9/23/2022,8/14/2022,4.25,Plajo,On-time
53,GSR,OZR,7/25/2022,3/9/2022,4.73,Skimia,Delayed
54,BCA,AKD,2/4/2022,4/17/2022,17.94,Browsezoom,Delayed
55,ULY,FAT,5/16/2022,5/26/2022,8.64,Innotype,On-time
56,EJA,DLU,3/6/2022,6/21/2022,21.87,Rhyzio,On-time
57,RAH,BYS,12/26/2022,3/3/2022,18.88,Flipbug,Delayed
58,IHU,XQC,10/13/2022,11/18/2022,19.75,Brightdog,Delayed
59,YGW,YAP,9/5/2022,10/20/2022,9.43,Nlounge,On-time
60,MRW,LYK,3/26/2022,3/6/2022,23.9,Tanoodle,Cancelled
61,MZB,WAL,12/2/2022,7/4/2022,1.3,Kwideo,On-time
62,0,CIR,4/14/2022,10/11/2022,20.49,Leenti,Cancelled
63,BIV,DED,6/29/2022,3/3/2022,19.06,Meedoo,Delayed
64,WOL,AAM,3/9/2022,9/26/2022,14.84,Viva,Delayed
65,SUJ,WED,11/16/2022,1/15/2022,15.29,Gigaclub,Delayed
66,WEP,DLH,1/24/2022,10/6/2022,2.33,Brainbox,Cancelled
67,TEP,HFA,3/31/2022,4/29/2022,20.1,Flashspan,On-time
68,IGE,URJ,10/29/2022,2/12/2022,11.1,Browsedrive,On-time
69,TSD,DND,7/25/2022,3/7/2022,6.55,Quatz,Delayed
70,ULI,LPN,2/26/2022,9/13/2022,7.79,Zoonder,On-time
71,PQS,AHO,9/30/2022,9/30/2022,11.29,Shuffledrive,Delayed
72,SJF,DYR,4/27/2022,10/1/2022,2.55,Realblab,Delayed
73,MKS,DYM,10/26/2022,9/21/2022,13.61,Vipe,Delayed
74,SPW,CYZ,5/29/2022,11/3/2022,3.97,Eidel,Delayed
75,RDC,YZH,5/23/2022,3/17/2022,8.11,Skipstorm,Delayed
76,OHR,KAQ,8/12/2022,5/1/2022,16.48,InnoZ,On-time
77,MYY,MXR,6/23/2022,4/10/2022,8.57,Pixope,Cancelled
78,BBQ,CZH,6/1/2022,12/6/2022,22.31,Jabbertype,Delayed
79,SZF,SPJ,9/26/2022,8/30/2022,2.48,Trunyx,On-time
80,OBE,TSZ,1/1/2022,4/10/2022,15.38,Blognation,On-time
81,YRT,BEQ,10/6/2022,12/17/2022,19.89,Skyndu,On-time
82,EIH,BZD,10/17/2022,4/1/2022,10.76,Zoombeat,Delayed
83,ABD,QPA,4/6/2022,8/17/2022,3.57,Yadel,On-time
84,BXJ,TAC,7/15/2022,11/10/2022,18.84,Twitternation,On-time
85,OUT,SLC,12/17/2022,9/20/2022,3.0,Skimia,On-time
86,YMK,KPF,12/14/2022,8/26/2022,18.55,Topicstorm,Delayed
87,DPA,KCA,8/15/2022,4/9/2022,19.18,Topicblab,Delayed
88,LNJ,PDC,7/27/2022,11/15/2022,15.17,Skyba,Delayed
89,CIU,CAZ,6/10/2022,9/15/2022,10.54,DabZ,Delayed
90,MEK,TYN,5/18/2022,3/20/2022,13.06,Mycat,Delayed
91,AAO,SPY,5/4/2022,12/21/2022,1.36,Photobug,On-time
92,BAR,RJL,4/7/2022,2/11/2022,20.12,Zoonder,Cancelled
,XKS,SMM,10/2/2022,1/25/2022,23.83,Izio,On-time
94,ANY,AUG,12/14/2022,5/21/2022,7.3,Thoughtstorm,Delayed
95,PVU,SHA,3/6/2022,5/20/2022,16.71,Photojam,Cancelled
96,CVN,TNR,8/6/2022,9/6/2022,23.48,Quamba,On-time
97,HYS,MYA,10/3/2022,3/3/2022,21.67,Tagopia,Delayed
98,OVB,MKJ,12/17/2022,12/3/2022,22.2,Tagtune,Cancelled
99,QSX,ELC,3/8/2022,9/24/2022,14.16,Trilith,On-time
100,RDU,HTI,10/20/2022,6/24/2022,13.49,Dynazzy,Cancelled
101,QIG,UNI,10/26/2022,4/10/2022,3.66,Meejo,On-time
102,AMF,MPU,2/26/2022,7/3/2022,6.33,Fivebridge,Cancelled
103,RZH,MGG,7/1/2022,9/1/2022,3.2,Oyondu,Cancelled
104,QCP,TNQ,3/4/2022,6/25/2022,3.46,Devcast,Delayed
105,TAK,KCM,8/22/2022,11/29/2022,1.58,Abata,Delayed
106,NYI,YWO,9/1/2022,1/6/2022,5.36,Dablist,On-time
107,TRA,GBV,1/3/2022,2/28/2022,9.67,Brainbox,On-time
108,KMZ,RMQ,9/8/2022,8/21/2022,18.0,Yambee,Cancelled
109,BJE,TCH,8/25/2022,4/1/2022,4.88,Quamba,On-time
110,MNO,YEO,5/1/2022,12/25/2022,2.68,Oyoyo,Cancelled
111,OGL,FHU,7/27/2022,9/12/2022,23.93,Yacero,On-time
112,WKL,FLX,11/9/2022,10/25/2022,14.57,Shufflebeat,Delayed
113,ACM,MSI,3/26/2022,9/15/2022,10.23,Fivebridge,Cancelled
114,RTP,JKV,4/16/2022,6/19/2022,2.1,Babbleopia,Cancelled
,SGU,TGE,6/6/2022,12/9/2022,5.18,Innotype,Delayed
116,KLU,VCA,1/23/2022,5/15/2022,1.56,Thoughtbeat,On-time
117,HYN,WSZ,9/28/2022,7/27/2022,1.76,Riffpath,Cancelled
118,KAM,KPI,1/21/2022,8/23/2022,18.84,Flashpoint,On-time
119,SXO,ALR,2/3/2022,9/7/2022,8.28,Yoveo,Cancelled
120,EVE,HSG,10/28/2022,12/11/2022,4.28,Blogspan,Cancelled
121,MRV,WEF,4/19/2022,9/28/2022,7.66,Fivechat,On-time
122,GJA,EGS,4/9/2022,3/5/2022,8.66,Oyoloo,Cancelled
123,PKP,ROO,5/3/2022,4/25/2022,14.02,Youtags,Cancelled
124,BBV,OTT,6/10/2022,12/11/2022,22.63,Fanoodle,Delayed
125,BGO,ZTH,6/30/2022,7/24/2022,9.67,Buzzshare,On-time
126,LSN,LTR,2/19/2022,11/30/2022,13.47,Janyx,On-time
127,BXN,DNF,6/3/2022,10/7/2022,5.46,Brightbean,Delayed
128,VLA,SPP,10/25/2022,8/8/2022,9.15,BlogXS,On-time
129,BFD,ZGL,3/29/2022,11/4/2022,13.01,Skalith,On-time
130,DOL,DCU,8/23/2022,10/21/2022,23.5,Fatz,Cancelled
131,0,KWY,3/9/2022,11/2/2022,17.9,Blognation,On-time
132,HBR,NPL,7/28/2022,9/10/2022,13.32,Zoonder,Cancelled
133,OCF,IGA,11/19/2022,2/23/2022,5.37,Kwinu,On-time
134,VUP,MHO,5/30/2022,12/13/2022,1.3,Teklist,Delayed
135,PZY,UBI,4/25/2022,3/30/2022,16.53,Katz,On-time
136,0,JHB,5/26/2022,11/25/2022,9.96,Twitterlist,Delayed
137,LTT,OKC,11/12/2022,2/24/2022,22.39,Livetube,Delayed
138,OLF,PRB,9/9/2022,5/7/2022,1.21,Meejo,On-time
139,MCK,TAU,1/20/2022,10/1/2022,21.06,Abata,On-time
140,WLC,AGL,3/11/2022,2/9/2022,10.08,Edgetag,Delayed
141,IXV,LBY,9/28/2022,10/15/2022,15.66,Skinix,Cancelled
142,COZ,AML,6/10/2022,9/30/2022,14.9,Quire,On-time
143,OPO,EGA,4/2/2022,2/2/2022,8.11,Innojam,On-time
,KUT,BEH,5/31/2022,7/10/2022,22.8,InnoZ,Delayed
145,ODJ,XCL,12/17/2022,8/5/2022,22.94,Realbuzz,Cancelled
146,SGT,CPR,5/3/2022,5/18/2022,7.38,Jabberstorm,Delayed
147,CHS,LIH,10/31/2022,11/5/2022,23.23,Twitterlist,Cancelled
148,TAM,ICL,10/22/2022,3/3/2022,14.82,Ntags,On-time
149,KWO,PNB,6/23/2022,5/23/2022,13.72,Photobug,Cancelled
150,SRV,PTZ,11/27/2022,10/12/2022,18.2,Rhyloo,Cancelled
151,TPN,SLL,3/20/2022,2/10/2022,11.5,Teklist,On-time
152,MZC,DPK,7/13/2022,10/4/2022,20.47,Meevee,On-time
153,HYR,GAX,6/11/2022,3/16/2022,9.8,Plajo,Cancelled
154,IRP,NSK,11/30/2022,1/20/2022,14.8,Ozu,Cancelled
155,PEA,IVR,3/12/2022,7/29/2022,11.25,Oyoba,On-time
156,VVI,AAO,4/6/2022,10/17/2022,17.76,Fivechat,On-time
157,GML,DLG,1/21/2022,12/19/2022,2.31,Skalith,On-time
158,LFN,TVU,7/28/2022,11/6/2022,16.68,Realcube,Cancelled
159,IQQ,SRM,5/16/2022,6/12/2022,1.08,Vimbo,Delayed
160,BAU,OFU,11/18/2022,5/2/2022,16.95,Digitube,On-time
161,ZQZ,CNT,2/10/2022,2/13/2022,6.47,Zooxo,Cancelled
162,CMG,BHL,3/12/2022,6/5/2022,18.05,Buzzster,Delayed
163,EJT,0,12/27/2022,5/23/2022,18.77,Mynte,Cancelled
164,BTJ,DSA,11/24/2022,4/3/2022,19.24,Skinte,On-time
165,DSM,EDR,7/2/2022,3/22/2022,1.39,Voonte,Cancelled
166,XZA,PNU,2/24/2022,5/16/2022,23.71,Vinder,Delayed
167,RBP,VIS,7/27/2022,10/30/2022,8.57,Yombu,On-time
168,BQI,DXB,12/12/2022,7/23/2022,23.47,Eamia,On-time
169,TVA,OUR,9/11/2022,5/2/2022,16.55,Riffpath,Delayed
170,XIJ,0,1/21/2022,6/5/2022,21.16,Yadel,Cancelled
171,YHK,TOB,3/11/2022,11/23/2022,17.33,Jaloo,Delayed
172,FLN,KZC,7/14/2022,1/17/2022,16.78,Pixoboo,Cancelled
173,MRG,GGM,4/13/2022,6/20/2022,1.54,Tagopia,Cancelled
174,NFG,LKD,1/4/2022,12/25/2022,20.36,Livetube,Delayed
175,KIA,ULV,12/18/2022,8/6/2022,16.87,Feedfish,Cancelled
176,NTU,RLA,12/1/2022,8/14/2022,6.41,Yodoo,Delayed
177,VNO,OMI,4/26/2022,9/26/2022,19.28,Aivee,On-time
178,CSV,UTR,1/3/2022,3/23/2022,4.34,Demimbu,Delayed
179,INL,RGH,8/20/2022,11/7/2022,3.8,Topicshots,Delayed
180,FAR,XRR,7/27/2022,12/29/2022,16.51,Riffwire,Cancelled
181,ERV,SBS,4/2/2022,7/6/2022,12.68,Twitterlist,On-time
182,ISP,SXV,10/5/2022,1/30/2022,17.42,Linklinks,On-time
183,HCA,TPU,11/11/2022,6/26/2022,7.16,Brainverse,On-time
184,BUR,IWO,7/26/2022,11/7/2022,5.69,Skinder,Cancelled
185,SCI,MUN,5/6/2022,6/24/2022,7.91,Wikizz,Delayed
186,SSG,OHB,10/24/2022,6/2/2022,9.5,Tanoodle,Cancelled
187,YMN,QRO,8/1/2022,2/13/2022,14.16,Innotype,Delayed
188,0,RHN,6/20/2022,10/24/2022,14.61,Tazz,Cancelled
189,ECA,LWK,1/17/2022,3/31/2022,10.25,Jabbersphere,On-time
,SXY,HKG,6/7/2022,8/12/2022,13.48,Avamm,Cancelled
191,BYC,OAN,5/25/2022,3/17/2022,12.43,Realmix,Delayed
192,LSC,EMN,9/17/2022,4/13/2022,5.61,Topicstorm,On-time
193,RBG,PUN,9/17/2022,7/12/2022,8.66,Devify,On-time
194,ONP,ALC,1/17/2022,8/2/2022,14.5,Camimbo,On-time
195,ZKM,DUB,4/6/2022,6/17/2022,23.6,Npath,Delayed
196,TRU,YEI,2/18/2022,4/15/2022,10.22,Tagcat,On-time
197,ZBE,PAS,11/30/2022,10/10/2022,14.17,Oba,Cancelled
198,DNF,QCR,3/11/2022,12/27/2022,16.6,Skyvu,On-time
199,YPH,KBW,4/21/2022,1/17/2022,6.05,Divanoodle,Cancelled
200,BWT,ESM,6/4/2022,8/16/2022,20.44,Linkbridge,Cancelled
201,KBP,LBF,10/1/2022,1/24/2022,23.28,Izio,Delayed
202,DKK,DNL,7/10/2022,8/16/2022,2.04,Quamba,Delayed
203,VER,GYL,4/22/2022,1/13/2022,20.35,Gigazoom,Delayed
204,INM,TTE,10/9/2022,5/8/2022,16.77,Riffpedia,Delayed
205,YLI,KUO,1/2/2022,7/23/2022,5.48,Skinder,Cancelled
206,DUN,MWE,4/26/2022,5/17/2022,22.27,Eidel,On-time
207,ZUD,CGD,12/21/2022,7/21/2022,21.71,Eire,On-time
208,MOC,OIA,9/28/2022,4/11/2022,23.35,Flipopia,Delayed
209,AFL,SDB,7/15/2022,8/17/2022,10.96,Photobug,Delayed
210,SLV,SUO,1/2/2022,11/14/2022,9.47,Wikivu,Delayed
211,SDD,LBR,9/25/2022,3/18/2022,7.76,Cogilith,On-time
212,JCJ,BHC,4/20/2022,7/10/2022,3.81,Zoonoodle,Cancelled
213,VAM,DMD,8/21/2022,4/30/2022,16.46,Zoovu,Delayed
,CSU,LIF,9/20/2022,6/27/2022,17.59,Nlounge,Cancelled
215,SQE,TRB,12/6/2022,11/27/2022,13.21,Zoonder,On-time
216,KYT,TFY,1/13/2022,10/19/2022,22.87,Zooveo,Cancelled
217,AUC,GLV,6/1/2022,3/16/2022,17.21,Avamba,Cancelled
218,AXB,0,8/8/2022,7/8/2022,10.58,Quimba,Cancelled
219,SSK,QJD,6/11/2022,3/11/2022,15.95,Jazzy,Delayed
220,MCA,PER,9/30/2022,7/14/2022,3.08,Flashspan,On-time
221,URS,CHF,4/20/2022,2/14/2022,17.67,Yambee,Cancelled
222,SIN,BZI,3/18/2022,5/15/2022,22.16,Oba,Delayed
223,JUV,0,12/5/2022,4/9/2022,9.79,Youtags,On-time
224,FRY,PSQ,9/29/2022,3/5/2022,20.19,Meemm,On-time
225,CYW,OXB,4/3/2022,5/23/2022,18.17,Zazio,Cancelled
226,HUO,LVS,10/20/2022,12/17/2022,18.9,Dablist,Delayed
227,WVK,KAB,12/8/2022,1/30/2022,8.79,Meezzy,Cancelled
228,YQA,LTB,5/1/2022,1/25/2022,17.78,Realbridge,On-time
229,KOL,CER,9/19/2022,8/24/2022,18.63,Mita,On-time
230,SXG,YBX,7/17/2022,12/8/2022,2.05,Digitube,Cancelled
231,EOH,PNL,3/20/2022,9/18/2022,9.26,Meezzy,On-time
232,MAS,KSH,12/13/2022,5/17/2022,10.88,Kamba,Cancelled
,YSB,IUL,4/19/2022,12/21/2022,17.81,Trunyx,Cancelled
234,CEC,CFR,7/10/2022,11/6/2022,1.03,Aivee,Delayed
235,CWI,PLT,9/24/2022,12/13/2022,16.65,Wikibox,On-time
236,MDQ,ASK,8/24/2022,2/28/2022,16.11,Riffwire,On-time
237,BPG,NCJ,11/21/2022,9/11/2022,1.89,Skinix,Cancelled
238,BUX,CWR,5/19/2022,7/9/2022,13.9,Jabberbean,Cancelled
239,WLE,MLM,2/18/2022,8/12/2022,1.27,Centimia,Delayed
240,RNZ,HKY,8/26/2022,7/17/2022,2.06,Wikibox,On-time
241,RZP,RHO,9/12/2022,11/17/2022,2.05,Blognation,Cancelled
242,THV,VAG,5/27/2022,4/11/2022,8.87,Flipopia,Cancelled
243,GED,PEG,6/11/2022,2/5/2022,4.25,Shufflebeat,Cancelled
244,SRY,PTC,6/24/2022,4/3/2022,12.57,Skinix,Cancelled
245,CTF,YTB,4/17/2022,6/25/2022,11.08,Thoughtstorm,Delayed
246,PDA,RIM,10/9/2022,8/8/2022,16.33,Jetwire,Cancelled
247,TRW,AME,4/19/2022,11/22/2022,4.63,Yambee,Delayed
,UAE,PDB,10/31/2022,5/19/2022,17.42,Fivechat,On-time
249,OLL,BNR,9/9/2022,4/24/2022,21.82,Brainlounge,Delayed
250,ZAD,PGR,3/12/2022,9/22/2022,10.62,Zoonoodle,Cancelled
251,SDS,ELF,8/9/2022,8/19/2022,17.85,Oyoloo,On-time
252,YER,TRG,10/3/2022,8/3/2022,9.81,Yodoo,On-time
253,NTU,AUU,8/18/2022,1/17/2022,17.99,Thoughtmix,On-time
254,CMB,LPQ,5/27/2022,7/6/2022,23.97,Bluezoom,Cancelled
255,MWE,AUS,10/29/2022,2/1/2022,13.24,Eimbee,Cancelled
256,CIU,HTT,12/26/2022,6/13/2022,15.68,Quaxo,Cancelled
257,RGO,PMY,9/18/2022,1/26/2022,9.88,Photobean,Delayed
258,ENF,IRO,11/10/2022,2/3/2022,20.99,Dynava,Cancelled
,CJH,SZE,6/26/2022,3/23/2022,2.78,Flipbug,Cancelled
260,UTO,BNU,9/23/2022,8/11/2022,23.45,Zoomzone,Delayed
261,FOK,TRS,3/22/2022,3/15/2022,18.54,Digitube,On-time
262,SBS,MWD,7/20/2022,4/12/2022,23.63,Thoughtbridge,Cancelled
,PGF,TKA,12/26/2022,12/9/2022,3.11,Jaloo,On-time
264,LIC,OXB,1/28/2022,8/6/2022,13.75,Blogtag,Delayed
265,ROH,YAY,6/8/2022,1/24/2022,14.93,Yambee,Cancelled
266,MRE,VRB,4/30/2022,8/22/2022,22.78,Gigabox,On-time
267,PGZ,BCJ,12/1/2022,10/15/2022,15.71,Divavu,Cancelled
268,TVL,ROU,10/22/2022,10/20/2022,13.45,Fiveclub,On-time
269,KCE,WKL,8/22/2022,9/15/2022,18.13,Dynava,Cancelled
270,MBG,PEG,7/17/2022,6/25/2022,9.45,Roomm,Delayed
271,KSZ,MFP,5/26/2022,6/22/2022,22.65,Mynte,Cancelled
272,CQS,DUJ,8/31/2022,12/30/2022,4.55,Thoughtworks,On-time
,EAR,KCN,12/23/2022,6/29/2022,5.37,Skipstorm,Delayed
274,HFS,CPT,5/5/2022,2/10/2022,1.5,Eimbee,Delayed
275,MIS,NKG,9/18/2022,3/27/2022,9.88,Rhyloo,Cancelled
276,SCU,POD,11/14/2022,8/10/2022,5.15,Photobean,On-time
277,HGA,LXN,11/9/2022,12/24/2022,8.1,Photofeed,On-time
278,AEH,CWP,12/11/2022,4/1/2022,4.58,Brainlounge,Cancelled
279,HSS,JAS,6/17/2022,5/3/2022,7.55,Feedmix,Delayed
280,HTA,UBA,1/2/2022,4/14/2022,23.78,Ailane,Cancelled
281,IGO,TBU,3/3/2022,11/4/2022,10.0,Trilith,On-time
282,FOG,KGI,4/22/2022,2/7/2022,12.7,Shufflester,On-time
283,HMJ,LHG,6/7/2022,9/6/2022,12.99,Eazzy,Cancelled
284,ZNA,PGM,4/16/2022,4/22/2022,9.71,Fivespan,Cancelled
285,ATI,FBA,7/6/2022,8/17/2022,3.27,Wikido,Cancelled
286,GRW,SAB,4/27/2022,10/28/2022,1.27,Centidel,Cancelled
287,TIM,MNE,10/6/2022,5/31/2022,3.61,Flashspan,On-time
288,YQY,KBA,11/26/2022,1/18/2022,23.29,Wikizz,Cancelled
289,CCH,MTS,12/29/2022,12/13/2022,2.94,Browsebug,On-time
290,PYY,CAQ,3/4/2022,4/1/2022,16.78,Gevee,Delayed
291,PIK,LNX,10/30/2022,8/19/2022,1.49,Kwinu,Delayed
292,IMK,TAN,6/23/2022,12/26/2022,9.59,Kwideo,Delayed
293,ONU,MFF,6/18/2022,10/22/2022,21.95,Skyndu,Cancelled
294,KOF,RVE,12/22/2022,5/25/2022,4.64,Dynazzy,Delayed
295,KCA,JTI,11/6/2022,11/18/2022,14.43,Trilith,Delayed
296,GSI,WLA,1/8/2022,9/3/2022,13.7,Muxo,Cancelled
297,THN,ARS,8/24/2022,12/19/2022,8.14,Browsetype,Delayed
298,CLY,API,10/27/2022,9/4/2022,20.67,Rhyloo,Delayed
299,INN,MQY,6/13/2022,2/13/2022,6.66,Rhynyx,Cancelled
300,GCJ,BZR,3/11/2022,5/27/2022,3.52,Avaveo,On-time
301,URT,CQM,2/1/2022,9/20/2022,3.89,Babbleopia,Delayed
302,PAH,ELY,4/25/2022,6/12/2022,16.06,Tagtune,Delayed
303,SAV,SZT,3/11/2022,4/12/2022,13.72,Babbleblab,Delayed
304,IHN,YTX,6/21/2022,4/5/2022,9.93,Realbridge,Cancelled
305,RVY,CTD,12/2/2022,12/27/2022,18.31,Babbleopia,On-time
,JEK,0,7/11/2022,10/10/2022,13.83,Zoombox,Cancelled
307,DAS,AVW,11/11/2022,7/21/2022,8.76,Zazio,Cancelled
308,TTI,TTS,11/16/2022,7/12/2022,8.69,Centizu,Delayed
309,WIB,UND,8/5/2022,10/16/2022,5.55,Vinder,On-time
310,CAD,LTU,3/27/2022,5/27/2022,6.94,Zoombeat,On-time
311,ZJN,TRY,3/20/2022,2/28/2022,3.44,Jaxbean,Delayed
312,CLW,PGF,9/15/2022,11/16/2022,6.7,Yotz,On-time
313,BTV,MYL,12/30/2022,7/15/2022,9.29,Zooveo,Cancelled
314,VGO,SFS,10/24/2022,6/8/2022,6.22,Trilia,Delayed
315,TFM,GXX,9/5/2022,11/19/2022,6.2,Fiveclub,Delayed
316,KZR,RHN,5/22/2022,8/5/2022,20.52,Feedspan,Delayed
317,GLW,YYD,1/18/2022,1/29/2022,22.76,Mydeo,On-time
318,NHS,FRC,3/29/2022,2/9/2022,4.81,Realmix,Delayed
319,BQD,AEK,12/30/2022,5/21/2022,5.28,Zoomcast,On-time
320,XNA,LIA,4/13/2022,3/10/2022,8.85,Topicware,Delayed
321,JHM,CEO,7/5/2022,2/10/2022,7.0,Rhycero,Delayed
322,0,PAX,5/11/2022,7/31/2022,5.76,Roomm,Delayed
323,WMX,VGA,3/29/2022,10/1/2022,9.08,Meejo,Cancelled
324,IAB,SQG,8/3/2022,12/30/2022,18.84,Gigabox,On-time
325,MQS,YQD,5/6/2022,1/10/2022,10.07,Quimba,Delayed
326,SEK,XKH,10/6/2022,10/7/2022,23.28,Tazz,On-time
327,KHK,UMC,5/26/2022,9/27/2022,8.01,Rhynoodle,On-time
328,TNH,OMA,7/15/2022,12/1/2022,7.05,Topicstorm,On-time
329,LDZ,BSN,8/11/2022,12/9/2022,2.4,Flashdog,On-time
330,WYB,OJC,9/3/2022,3/24/2022,8.38,Fadeo,Delayed
331,MND,CLH,7/20/2022,7/7/2022,2.63,Cogilith,Delayed
332,ERU,DZA,1/9/2022,5/1/2022,15.57,Tazz,On-time
333,GRM,BNX,2/19/2022,12/4/2022,9.67,Aimbo,Cancelled
334,KZN,VCS,9/3/2022,7/17/2022,2.64,Chatterbridge,Delayed
,ARL,MBV,2/4/2022,3/21/2022,21.59,Rhynyx,Delayed
336,HBB,VIQ,1/21/2022,11/25/2022,18.19,Thoughtstorm,On-time
337,RLT,MYF,3/14/2022,11/14/2022,11.96,Jaxspan,Delayed
338,JOG,YAC,1/2/2022,1/21/2022,22.42,Digitube,On-time
339,LCN,BHA,1/3/2022,7/28/2022,12.05,Meezzy,On-time
340,YYD,AYS,4/5/2022,4/3/2022,2.33,Trunyx,On-time
341,PZA,EMI,7/8/2022,6/21/2022,4.23,Bluezoom,On-time
342,FWH,DPB,4/15/2022,3/7/2022,22.28,Wikizz,Cancelled
343,GVR,SLT,2/5/2022,7/15/2022,5.78,Meedoo,On-time
344,EMT,CCZ,9/22/2022,10/5/2022,13.19,Browsezoom,Cancelled
345,EWB,OZH,4/29/2022,6/15/2022,13.1,Fivespan,Delayed
346,TGU,YZT,2/5/2022,4/22/2022,7.72,Buzzbean,Delayed
347,JYV,BTG,2/4/2022,2/22/2022,7.87,Flipbug,On-time
348,TCX,SEE,4/15/2022,5/3/2022,11.27,Zoomlounge,Delayed
,LEK,KBC,1/30/2022,7/19/2022,9.83,Digitube,On-time
350,CHH,GOK,4/29/2022,1/2/2022,15.35,Riffpath,Delayed
351,BFH,EAM,2/16/2022,9/9/2022,9.34,Roombo,On-time
,YEO,WHO,7/5/2022,2/22/2022,22.44,Realmix,Delayed
353,TKO,TNX,7/12/2022,4/2/2022,2.07,Rhyzio,Cancelled
354,LRH,LGR,3/12/2022,8/20/2022,1.69,Ozu,On-time
,KTS,SPW,7/30/2022,5/3/2022,4.99,Agimba,Delayed
356,ZFU,PJM,6/27/2022,9/23/2022,11.41,Wikizz,Cancelled
357,YAA,PNH,2/1/2022,2/26/2022,1.15,Vitz,Cancelled
358,SRT,GPA,1/17/2022,5/27/2022,11.25,Skiba,On-time
359,FCS,DOO,1/6/2022,1/14/2022,11.39,Dynazzy,Delayed
360,COM,SNA,5/4/2022,10/10/2022,17.25,Bubblebox,On-time
361,CVS,ZST,5/21/2022,3/10/2022,12.61,Yacero,On-time
362,EIY,MOM,4/11/2022,3/5/2022,21.57,Ntags,Cancelled
363,OML,XTL,11/20/2022,4/15/2022,12.69,Viva,On-time
364,THC,AMF,1/28/2022,11/5/2022,5.28,Realcube,On-time
365,MYE,ATS,4/20/2022,5/8/2022,17.43,Feedmix,Cancelled
366,RIL,FSZ,7/2/2022,1/12/2022,14.95,Jaxnation,On-time
367,ROH,ADK,10/4/2022,4/22/2022,23.83,Npath,On-time
368,KLE,TYG,3/25/2022,5/19/2022,13.98,Browseblab,Cancelled
369,FRU,SOE,3/27/2022,9/30/2022,23.48,Leexo,Cancelled
370,GUU,HYD,6/30/2022,6/9/2022,15.58,Skaboo,Cancelled
371,LDK,IFL,8/12/2022,8/5/2022,21.47,Jamia,Delayed
372,NDD,UMY,1/9/2022,6/25/2022,14.46,Skibox,Cancelled
373,YVP,ITI,3/21/2022,9/20/2022,11.73,Browseblab,Cancelled
374,YKC,SKY,6/26/2022,2/20/2022,16.49,Tagtune,Cancelled
375,WHP,PBO,11/14/2022,12/3/2022,20.47,Ainyx,Cancelled
376,RNE,OXB,4/3/2022,8/6/2022,14.16,Youspan,Delayed
377,LUD,GRL,3/24/2022,3/28/2022,14.14,Rhybox,Delayed
378,KML,YSQ,12/6/2022,7/1/2022,7.94,Fanoodle,On-time
379,OLJ,KKD,5/3/2022,6/3/2022,22.73,Riffpath,On-time
,JHL,RUD,2/6/2022,12/30/2022,17.25,Photospace,Cancelled
381,YIH,UNK,3/1/2022,12/21/2022,5.14,Layo,Cancelled
382,YLJ,TAL,1/11/2022,6/11/2022,9.42,Feedbug,Cancelled
383,ICL,ISW,7/27/2022,5/27/2022,11.36,Gigazoom,Cancelled
384,YYT,ROS,10/1/2022,4/19/2022,15.86,Devcast,Cancelled
385,RSN,BLU,2/15/2022,5/20/2022,7.21,Jayo,On-time
386,ZCN,KKO,3/14/2022,1/6/2022,23.65,Flashset,Delayed
387,BHA,AFZ,10/19/2022,11/5/2022,7.76,Abatz,Cancelled
388,BUZ,DTB,5/26/2022,10/20/2022,18.38,Eamia,Cancelled
389,GDQ,RMD,3/11/2022,10/17/2022,2.58,Devpoint,Cancelled
390,MAA,PSI,7/1/2022,11/27/2022,11.88,Rhyzio,On-time
391,EHM,DHD,12/21/2022,8/18/2022,2.43,Photofeed,Cancelled
392,KOR,PIU,8/1/2022,8/23/2022,14.72,Bluezoom,Cancelled
393,LOF,RNO,4/2/2022,4/14/2022,17.38,Flashspan,Delayed
394,QPA,XTO,1/2/2022,1/25/2022,2.57,Kazu,Cancelled
395,WPC,BZH,11/18/2022,3/24/2022,11.91,Skiptube,Delayed
396,JWA,ZIZ,5/11/2022,4/14/2022,17.33,Gabtune,Cancelled
397,AAI,KOL,9/15/2022,2/26/2022,5.86,Rooxo,Delayed
398,BNW,EHL,7/29/2022,6/3/2022,7.49,Realmix,Delayed
399,TEX,CNJ,2/12/2022,6/4/2022,11.83,Avaveo,Delayed
400,HKT,BZU,10/15/2022,8/30/2022,4.31,Topicblab,Cancelled
401,AAS,AUO,2/26/2022,11/1/2022,22.97,Trilith,On-time
402,DWD,BYM,7/23/2022,3/27/2022,5.15,Feedspan,Delayed
403,BKO,NUS,2/15/2022,6/4/2022,12.52,Meemm,On-time
404,PMM,DUA,4/4/2022,7/29/2022,7.92,Zoonder,On-time
405,0,PVI,3/12/2022,10/28/2022,15.57,Yamia,Delayed
406,CET,JIQ,12/20/2022,7/20/2022,5.8,Youfeed,On-time
407,PUJ,SSS,9/15/2022,6/20/2022,23.72,Leexo,Cancelled
408,BVO,LYC,8/14/2022,3/28/2022,23.21,Photobean,Delayed
409,LYR,TGZ,1/25/2022,3/27/2022,17.84,Skyndu,On-time
410,YKE,OEC,10/11/2022,3/26/2022,18.55,Brainsphere,On-time
411,KUC,AGJ,8/11/2022,5/3/2022,13.2,Izio,Delayed
412,SBE,BPN,7/20/2022,3/2/2022,4.44,Feednation,Delayed
413,KMH,RMI,5/18/2022,4/2/2022,4.4,Feedbug,Cancelled
414,TUI,GTR,3/31/2022,11/4/2022,4.94,Layo,Delayed
415,CIC,MSA,7/13/2022,12/18/2022,10.74,Leenti,On-time
416,UTP,HDB,2/14/2022,8/13/2022,11.96,Voomm,Cancelled
417,CKR,TIA,9/20/2022,5/22/2022,20.49,Yombu,Cancelled
418,ULI,GLP,12/8/2022,8/31/2022,16.08,Twimm,Delayed
419,PNQ,SCU,12/26/2022,1/1/2022,11.69,Avaveo,Cancelled
420,UPN,ANR,4/29/2022,3/20/2022,13.17,Eadel,Cancelled
421,LEX,HUD,8/12/2022,6/5/2022,22.74,Ooba,Cancelled
422,KLJ,ZAM,7/30/2022,9/19/2022,20.51,Topiclounge,On-time
423,RGK,WMK,7/15/2022,4/24/2022,4.66,Skimia,On-time
424,QCJ,WGA,1/19/2022,5/14/2022,11.93,Devpulse,Cancelled
425,BRL,TDA,6/4/2022,7/13/2022,16.09,Rhynyx,Cancelled
426,ZGI,0,1/26/2022,6/29/2022,3.35,Trudeo,Cancelled
427,QCU,KVL,5/29/2022,4/27/2022,15.65,Voomm,Cancelled
428,SUP,CJM,3/16/2022,3/3/2022,21.67,Muxo,Delayed
429,MPX,LMP,5/16/2022,5/21/2022,17.69,Flipbug,Delayed
430,PGB,KIM,5/2/2022,12/7/2022,16.4,Twitterlist,Delayed
431,FLF,VJI,7/21/2022,7/23/2022,11.97,Vitz,Cancelled
432,QFO,ZZO,6/20/2022,6/10/2022,10.16,Dynabox,Cancelled
433,CGG,RIW,10/1/2022,7/6/2022,2.78,Trilia,On-time
434,LFO,LEK,10/19/2022,6/14/2022,17.89,Realfire,Cancelled
435,TGC,PYH,8/24/2022,9/22/2022,9.22,Edgetag,Delayed
436,KLW,UMU,2/9/2022,11/22/2022,10.05,Demizz,On-time
437,NKN,DIP,10/10/2022,5/23/2022,14.09,Photofeed,On-time
438,PGO,BMC,9/14/2022,12/5/2022,10.19,Bubbletube,Delayed
439,LDH,EMM,11/12/2022,8/17/2022,15.55,Gabtype,Cancelled
440,USL,RGK,1/20/2022,5/31/2022,18.6,Quimba,Delayed
441,YCQ,PUL,3/27/2022,2/9/2022,12.59,Bluezoom,Cancelled
442,KMU,KCN,5/1/2022,3/23/2022,20.4,Photobug,Delayed
443,BAI,ONP,2/7/2022,11/24/2022,8.73,Rhynoodle,Delayed
444,PFQ,HEA,9/4/2022,9/4/2022,15.08,Blogpad,Cancelled
445,PFO,WMP,7/28/2022,6/16/2022,15.68,Omba,Cancelled
446,AYA,KOC,8/16/2022,10/12/2022,22.42,Flipbug,Cancelled
447,TOR,FOM,10/9/2022,8/10/2022,16.62,Photofeed,Delayed
448,SIX,BFL,1/8/2022,2/24/2022,22.64,Riffpath,Cancelled
449,NLK,XJD,3/30/2022,7/23/2022,15.78,Wordpedia,Cancelled
450,MUF,KBC,4/13/2022,9/5/2022,1.58,Browsezoom,Cancelled
451,MKH,XRH,7/2/2022,7/20/2022,21.46,Tavu,On-time
452,LYR,MFN,9/7/2022,10/5/2022,16.14,Devshare,Cancelled
453,NLV,YAM,3/25/2022,6/30/2022,22.45,Trudeo,On-time
454,FRY,YLC,3/8/2022,8/3/2022,22.26,Dabvine,Delayed
455,EAU,VVI,1/31/2022,2/24/2022,6.07,Voonder,Delayed
456,LAJ,SIN,9/27/2022,7/22/2022,5.7,Tagfeed,Delayed
457,ASK,KZI,6/30/2022,8/4/2022,8.04,Oyoloo,Cancelled
,SWD,AIR,9/2/2022,5/12/2022,20.41,Pixoboo,On-time
459,OCV,CEP,10/6/2022,1/9/2022,12.34,Twinder,Cancelled
460,MQU,WID,3/14/2022,10/9/2022,3.11,Skyble,Cancelled
461,NLT,OMA,9/24/2022,10/25/2022,1.39,Aibox,Cancelled
462,CTL,SFG,8/24/2022,3/2/2022,2.34,Twitterwire,Cancelled
463,RIV,FLW,2/10/2022,2/25/2022,9.94,Linkbridge,On-time
464,DCU,LEQ,11/19/2022,1/18/2022,12.84,Wordtune,On-time
465,DVO,BOR,2/14/2022,8/1/2022,1.95,Divape,On-time
466,GYE,UAH,8/27/2022,6/9/2022,14.26,Blognation,Delayed
467,NZY,CLW,12/17/2022,5/27/2022,4.94,Linklinks,Cancelled
,KTE,HGD,4/21/2022,11/4/2022,5.3,Oozz,On-time
469,ILN,CAB,11/24/2022,1/7/2022,21.21,Tambee,Cancelled
470,ECS,STP,6/8/2022,4/2/2022,1.56,Flashpoint,Cancelled
471,SXI,BST,5/22/2022,1/5/2022,19.53,Camimbo,Cancelled
472,HBG,MJS,11/26/2022,1/11/2022,21.18,Thoughtstorm,On-time
473,CTS,CRS,8/9/2022,10/21/2022,11.99,Skilith,Cancelled
474,JHS,OLR,1/16/2022,6/15/2022,7.97,Trupe,Delayed
475,PBN,ONT,12/30/2022,10/2/2022,3.43,Voomm,Delayed
476,PPG,MCL,7/4/2022,1/5/2022,11.98,Voonyx,Delayed
477,RFN,HAT,3/28/2022,9/17/2022,14.77,Tavu,On-time
478,LYE,CIR,10/31/2022,11/22/2022,21.37,Voonder,On-time
479,RNR,HKG,4/30/2022,8/8/2022,21.72,Twimm,Delayed
480,KCO,TSW,8/14/2022,11/26/2022,22.34,Ailane,On-time
481,SFQ,YQQ,3/19/2022,10/3/2022,18.09,Realcube,Cancelled
482,DSK,WAY,6/3/2022,4/5/2022,18.11,Quamba,Delayed
483,JSI,LTL,4/7/2022,12/15/2022,15.74,Blogtags,On-time
484,LPD,ISM,5/29/2022,5/7/2022,2.7,Jabberbean,Cancelled
485,QUN,TFN,5/7/2022,9/29/2022,10.78,Meezzy,Delayed
486,VLE,ABU,3/14/2022,7/13/2022,20.79,Wordtune,Cancelled
487,PSK,GHC,8/13/2022,11/13/2022,16.04,Tazz,On-time
488,OWK,SKS,12/20/2022,1/29/2022,22.03,Fatz,Delayed
489,AZS,LCX,4/24/2022,7/13/2022,5.7,Bubblemix,On-time
490,SVJ,CVM,3/19/2022,3/10/2022,4.44,Realmix,On-time
491,MAX,RES,11/29/2022,10/29/2022,11.82,Feedspan,Delayed
492,LUR,RCM,12/11/2022,5/21/2022,7.09,Jabbercube,Delayed
493,ESM,PRG,12/19/2022,1/16/2022,17.74,Aivee,On-time
494,YSK,BSO,3/14/2022,5/27/2022,4.94,Quatz,Cancelled
495,LIM,LYA,1/19/2022,4/12/2022,5.7,Cogibox,Delayed
496,ANM,FMY,12/4/2022,11/27/2022,22.86,Thoughtmix,On-time
497,CEE,LNL,11/22/2022,9/10/2022,4.04,Edgeify,On-time
498,MYO,SUF,6/29/2022,8/2/2022,22.16,Wikizz,Cancelled
499,0,CRM,6/15/2022,2/28/2022,20.29,Mynte,On-time
,ATX,BFG,6/23/2022,6/13/2022,6.24,Jamia,Cancelled
501,EDK,PAZ,12/4/2022,6/12/2022,14.89,Flashpoint,Delayed
502,SHV,TPJ,7/23/2022,5/12/2022,10.74,Ntag,On-time
503,ORH,KDK,12/21/2022,1/14/2022,15.43,Browseblab,Cancelled
504,ELW,OJC,5/30/2022,10/8/2022,8.68,Meetz,Cancelled
505,KJH,SIP,2/13/2022,8/24/2022,21.05,Npath,On-time
506,KNX,MUA,9/2/2022,9/6/2022,17.23,Snaptags,Cancelled
507,CFT,LOO,7/12/2022,4/1/2022,13.41,Geba,Cancelled
508,OWA,HVR,4/22/2022,8/6/2022,16.11,Meemm,Cancelled
509,BUK,DLN,7/14/2022,10/28/2022,19.04,Eare,On-time
510,BCD,YFH,2/18/2022,4/19/2022,11.26,Fivespan,Cancelled
511,TFY,GVP,8/13/2022,12/2/2022,21.74,Yodo,Delayed
512,ISE,ISQ,2/23/2022,8/8/2022,11.51,Oozz,On-time
513,AOR,WWT,7/1/2022,12/19/2022,9.2,Oodoo,Delayed
514,KYI,CZN,9/24/2022,6/26/2022,9.42,Tavu,On-time
,DPS,SYF,8/22/2022,8/3/2022,4.62,Meedoo,Cancelled
516,GMQ,ZIX,2/2/2022,5/19/2022,17.15,Livefish,Delayed
517,MPN,KRP,2/3/2022,6/29/2022,11.28,Bluejam,On-time
518,PDG,MMQ,11/6/2022,1/21/2022,16.68,Yacero,Cancelled
519,ZEM,TRB,6/11/2022,1/30/2022,21.86,Edgeclub,Cancelled
,LFI,EJT,12/26/2022,7/26/2022,15.91,Wordpedia,On-time
521,KEY,BYH,1/3/2022,3/11/2022,13.17,Fiveclub,Cancelled
522,YSV,DCN,5/24/2022,10/6/2022,22.82,Voonte,On-time
523,HGR,WOA,12/20/2022,7/21/2022,1.43,Jamia,Delayed
524,BNI,ZBF,7/2/2022,2/26/2022,18.08,Flashdog,Cancelled
525,AFO,ODC,6/30/2022,9/27/2022,23.39,Trunyx,Delayed
526,WUX,BQB,6/22/2022,11/26/2022,12.13,Feednation,Cancelled
,AYT,ISO,7/10/2022,7/13/2022,9.03,Zoombox,On-time
528,LMM,YWL,4/28/2022,5/6/2022,6.51,Meevee,Cancelled
529,CFF,NYU,1/10/2022,9/20/2022,10.05,Tavu,On-time
530,REB,ONK,9/18/2022,2/16/2022,7.15,Youbridge,Cancelled
531,LOY,PPA,5/2/2022,4/6/2022,12.55,Eayo,On-time
532,QPS,ETD,4/28/2022,3/5/2022,11.66,Meemm,Cancelled
533,FCH,MAA,9/22/2022,8/7/2022,19.53,Innojam,Cancelled
534,CGF,MYM,10/20/2022,6/9/2022,22.2,Tavu,Delayed
535,BML,OKQ,6/5/2022,8/6/2022,18.08,Myworks,Cancelled
536,MTX,EOK,5/24/2022,8/10/2022,19.43,Kare,On-time
537,FBG,TXM,3/6/2022,9/26/2022,2.61,Youbridge,Delayed
538,LNJ,QCP,3/30/2022,5/17/2022,5.93,Flashpoint,Delayed
,YGB,GPD,3/22/2022,3/3/2022,19.81,Feedbug,Cancelled
540,RUU,YHO,8/26/2022,9/23/2022,8.13,Fivebridge,On-time
541,NIM,YEY,1/2/2022,5/13/2022,1.45,Centimia,Cancelled
542,YTY,CID,10/23/2022,3/9/2022,14.52,Edgetag,Delayed
543,AZR,JCU,2/13/2022,9/23/2022,15.28,Feedspan,On-time
544,TIG,PSN,10/12/2022,7/22/2022,1.05,Pixonyx,Delayed
545,LBU,SZX,1/31/2022,2/28/2022,9.13,Livetube,Delayed
546,LEM,FRW,6/7/2022,2/6/2022,12.85,Wikizz,Delayed
547,BKU,KEI,7/26/2022,12/21/2022,11.32,Yodoo,Cancelled
548,LWC,QCH,11/8/2022,10/9/2022,1.64,Digitube,Delayed
549,HIM,GAB,9/12/2022,9/11/2022,15.27,Edgewire,On-time
550,BVS,WAB,9/16/2022,8/12/2022,20.04,Buzzdog,Delayed
551,DON,LDK,6/12/2022,7/11/2022,18.28,Skinder,Cancelled
552,SIC,YZR,7/1/2022,12/1/2022,4.65,Topicstorm,Cancelled
553,MSW,YYE,6/30/2022,6/19/2022,11.37,Roomm,Cancelled
,DLM,SRL,2/27/2022,7/10/2022,22.59,Skynoodle,On-time
555,SFB,ECS,6/16/2022,10/6/2022,14.48,Skilith,On-time
556,ANU,DJN,8/12/2022,11/17/2022,13.43,Voolia,Cancelled
557,SHQ,UGA,7/27/2022,10/26/2022,7.61,Eimbee,Delayed
558,BBL,ABW,10/9/2022,6/15/2022,7.81,Demimbu,Cancelled
559,TVY,ZSP,11/1/2022,12/14/2022,18.22,Eadel,On-time
560,CKN,MFB,1/28/2022,12/5/2022,1.59,Chatterpoint,On-time
,PUF,ZAR,4/15/2022,4/21/2022,11.26,Brainbox,Cancelled
562,PSF,MEU,4/27/2022,10/27/2022,14.94,Bubblemix,Delayed
563,KAS,UIH,10/31/2022,12/6/2022,21.89,Jaxworks,Delayed
564,SRV,MUA,5/6/2022,9/10/2022,9.05,Kwideo,Cancelled
565,UNK,BNQ,3/2/2022,10/6/2022,15.11,Meedoo,Delayed
566,NAY,KTK,3/11/2022,9/11/2022,1.01,Eidel,Cancelled
567,TRB,SXA,4/5/2022,8/30/2022,23.27,DabZ,Cancelled
568,MBH,WRB,12/22/2022,4/17/2022,18.96,Skibox,Cancelled
569,DNF,GTN,10/19/2022,6/8/2022,16.04,Oyonder,Delayed
570,AKN,TGT,10/8/2022,12/14/2022,3.38,Roomm,Delayed
571,OUZ,ART,9/1/2022,7/1/2022,20.23,Riffpath,On-time
572,PME,YBE,11/17/2022,8/9/2022,13.17,Aimbu,On-time
573,SWV,THA,2/19/2022,8/23/2022,20.89,Roomm,Cancelled
574,CNW,GYE,1/6/2022,8/6/2022,19.39,Skyble,On-time
575,HWD,LCF,2/17/2022,11/21/2022,4.75,Jabberstorm,On-time
,LUT,YNG,1/14/2022,11/10/2022,1.77,Fivespan,Delayed
577,SEY,LRE,11/15/2022,4/12/2022,19.05,Dynazzy,Cancelled
578,PMG,ATS,5/25/2022,1/16/2022,19.27,Katz,Cancelled
579,MDM,HUA,8/27/2022,6/8/2022,12.94,LiveZ,Delayed
580,PIZ,CEI,6/8/2022,10/19/2022,12.69,Centizu,Cancelled
581,UUN,GVP,5/3/2022,2/7/2022,6.01,Divavu,Delayed
582,STZ,BWG,12/20/2022,10/5/2022,5.11,Photolist,Cancelled
583,LUO,IKK,5/22/2022,8/22/2022,1.88,Yombu,Delayed
584,ORX,GRH,10/11/2022,7/13/2022,6.88,Abata,Cancelled
585,SWT,KGH,7/17/2022,3/14/2022,7.19,Twitterbeat,On-time
,AOL,IAN,2/13/2022,7/21/2022,12.1,Wordtune,Cancelled
587,DAT,KMK,1/3/2022,5/6/2022,4.12,Photolist,On-time
588,LOM,KOL,2/18/2022,3/10/2022,18.48,Chatterpoint,On-time
589,ZJG,SRY,12/16/2022,10/15/2022,3.24,Mynte,Delayed
590,BFE,ABQ,11/28/2022,1/2/2022,7.65,Twitterworks,Cancelled
591,VGA,PJA,2/1/2022,3/5/2022,1.01,Rhybox,Cancelled
592,CKL,RKW,8/9/2022,2/4/2022,20.36,Mynte,Delayed
593,MYW,BVW,12/14/2022,6/21/2022,5.55,Oyoyo,Delayed
,YDP,KRY,3/24/2022,3/25/2022,23.9,Buzzshare,Cancelled
595,DOK,BEM,3/27/2022,1/4/2022,15.56,Devbug,Delayed
596,CHV,LRJ,9/5/2022,6/29/2022,3.12,Quatz,Cancelled
597,TWB,CAW,1/9/2022,10/25/2022,7.72,Tagchat,On-time
598,DSS,SBX,1/4/2022,12/10/2022,8.41,Skinder,Delayed
599,MNA,PUM,11/15/2022,12/18/2022,10.31,Voolia,Delayed
600,CEX,EGV,8/6/2022,2/15/2022,9.74,Trupe,Delayed
601,PTW,ZMM,8/1/2022,3/23/2022,13.23,Geba,On-time
602,ISD,DRW,5/13/2022,5/10/2022,3.5,Aibox,On-time
603,GWL,KKJ,3/3/2022,8/4/2022,20.68,Tagpad,On-time
604,BNN,BQJ,8/3/2022,5/19/2022,18.88,Agivu,On-time
605,AOC,UTO,11/1/2022,4/6/2022,7.82,Quaxo,Cancelled
606,PAA,AAG,5/3/2022,1/26/2022,14.9,Buzzster,Delayed
607,HLZ,DIJ,12/27/2022,7/13/2022,1.65,Yambee,Delayed
,ARC,SRQ,11/25/2022,8/12/2022,8.11,Chatterpoint,On-time
609,ADY,BKS,7/18/2022,2/19/2022,23.06,Skalith,Cancelled
610,MFJ,KHO,1/3/2022,12/15/2022,8.55,Divanoodle,Cancelled
611,EAS,MXA,7/21/2022,5/27/2022,22.15,Trupe,Cancelled
612,UKS,QLS,1/23/2022,5/31/2022,21.35,Feedbug,Delayed
613,ZLT,WID,10/21/2022,3/6/2022,4.51,Voomm,Delayed
614,VNY,GMU,5/17/2022,10/27/2022,14.1,Shufflester,Delayed
615,RCU,MPD,7/18/2022,4/30/2022,21.32,Trilia,Cancelled
616,YBW,KNT,9/23/2022,11/28/2022,22.45,Shufflebeat,Delayed
617,PCF,0,10/25/2022,11/18/2022,20.39,Oloo,Cancelled
618,MSF,ARJ,10/11/2022,12/16/2022,4.54,Bubbletube,Cancelled
619,TLR,AYC,12/16/2022,11/8/2022,2.76,Divape,Cancelled
620,MAL,AIE,12/26/2022,6/27/2022,21.57,Rhynoodle,Delayed
621,HAI,FOS,6/1/2022,3/7/2022,13.28,Tagopia,On-time
622,VTG,KEE,6/14/2022,10/4/2022,13.68,Feedspan,On-time
623,LEE,HZK,9/5/2022,10/26/2022,4.36,Skipfire,Delayed
624,SLK,LXA,3/13/2022,4/3/2022,8.57,Centimia,Delayed
625,DNV,UBJ,7/23/2022,10/30/2022,23.96,Camimbo,Delayed
626,BGA,BPI,11/28/2022,3/17/2022,7.08,Ailane,Cancelled
627,MST,AXL,4/30/2022,11/26/2022,4.21,Meevee,On-time
628,TWE,AZT,12/6/2022,8/13/2022,22.84,Thoughtbeat,Delayed
629,PRX,HOD,3/1/2022,3/24/2022,16.09,Realfire,Cancelled
630,PDB,NLT,12/15/2022,5/23/2022,12.2,Ntag,Cancelled
631,FOM,ZLR,5/27/2022,4/18/2022,21.33,Dynava,On-time
632,CGD,ARW,8/22/2022,2/12/2022,4.19,Oyope,On-time
633,SMW,BKF,8/28/2022,3/16/2022,21.8,Jaxspan,Delayed
634,PRX,GZW,8/16/2022,2/5/2022,18.86,Topdrive,Cancelled
635,BTJ,YZD,7/13/2022,7/27/2022,7.28,Kazu,Cancelled
636,MXD,TCP,9/3/2022,11/11/2022,21.94,Zoovu,Cancelled
637,SCN,FFO,10/19/2022,10/8/2022,12.48,Tagtune,Cancelled
638,LNX,HLS,5/23/2022,6/11/2022,15.36,Latz,On-time
639,ONG,IGL,12/23/2022,11/14/2022,7.41,Brightbean,Delayed
640,YWN,BXH,9/27/2022,8/27/2022,2.75,Yacero,Delayed
,ZRM,KSC,7/19/2022,2/23/2022,2.21,Jabberstorm,On-time
642,BZP,NON,12/4/2022,4/4/2022,7.63,Blognation,Cancelled
643,PYY,HCR,11/4/2022,10/22/2022,4.53,Reallinks,Cancelled
644,LFK,CYS,10/14/2022,11/6/2022,5.61,Voomm,On-time
645,RBK,RHN,10/28/2022,11/16/2022,13.59,Twitterworks,On-time
646,DOD,SQZ,4/1/2022,3/24/2022,15.7,Mydeo,Cancelled
647,TOL,ANS,10/22/2022,12/26/2022,21.29,Gigazoom,Delayed
648,KAG,KEK,10/9/2022,5/17/2022,16.26,Zazio,Cancelled
649,CSA,APE,10/22/2022,6/7/2022,7.07,Centimia,Cancelled
650,WPB,KCZ,6/29/2022,5/14/2022,5.0,Dablist,Delayed
651,SYS,FSK,11/14/2022,1/11/2022,14.51,Eidel,Delayed
652,BAR,TSY,5/11/2022,8/21/2022,10.33,Jabbersphere,On-time
653,GME,ILU,1/29/2022,2/25/2022,9.85,Tagchat,Delayed
654,RNA,BPI,11/22/2022,6/19/2022,17.18,Zoombox,On-time
655,KRU,XGN,2/23/2022,2/3/2022,18.27,Jetwire,On-time
656,GON,TUK,3/10/2022,3/22/2022,15.72,Fivebridge,Cancelled
657,AQB,ASR,3/21/2022,10/26/2022,8.28,Bubbletube,On-time
658,OKC,TUQ,6/9/2022,12/21/2022,14.96,Feedfire,On-time
659,BJO,EWN,10/13/2022,6/5/2022,20.37,Zoonoodle,Cancelled
660,MTK,PAQ,2/16/2022,7/18/2022,21.15,Kayveo,On-time
,NDU,SDB,10/28/2022,2/3/2022,10.05,Vitz,Cancelled
662,LZM,KSD,5/23/2022,1/22/2022,12.73,Izio,On-time
663,PRM,DCG,6/16/2022,6/16/2022,5.32,Browsebug,Delayed
664,DBN,HWD,5/9/2022,5/24/2022,2.79,Brainbox,Delayed
665,SOO,DEX,9/2/2022,6/6/2022,9.84,Plajo,Cancelled
666,BZL,AHJ,2/7/2022,4/2/2022,8.26,Oyonder,On-time
,TJA,JTC,3/10/2022,4/10/2022,14.87,Janyx,Delayed
668,ROI,PHB,8/5/2022,1/31/2022,13.73,Jazzy,Delayed
669,PCU,DOG,11/11/2022,4/23/2022,15.92,Yambee,Cancelled
670,0,BIG,12/23/2022,2/9/2022,19.2,Realblab,Cancelled
671,SQW,VQS,8/11/2022,5/14/2022,2.67,LiveZ,Delayed
672,MQS,LAG,4/19/2022,8/4/2022,21.02,Realbridge,On-time
673,KDN,RZZ,5/12/2022,11/5/2022,17.19,Pixope,Delayed
674,BAP,SNQ,7/21/2022,1/25/2022,5.63,Fadeo,Cancelled
675,FEP,GBC,3/15/2022,5/7/2022,20.86,Mita,On-time
676,YPZ,LGM,1/14/2022,11/20/2022,6.02,Thoughtworks,Delayed
677,BBY,VLS,7/20/2022,3/25/2022,22.22,Meetz,Delayed
678,MSW,NKW,1/10/2022,10/24/2022,21.66,Rhynoodle,Delayed
679,ANF,SPN,1/13/2022,9/14/2022,8.75,Reallinks,On-time
680,TPR,ECS,9/9/2022,8/20/2022,16.34,Gigazoom,On-time
681,RKY,IWK,3/31/2022,1/11/2022,8.58,Yodo,On-time
682,RNR,END,2/11/2022,9/25/2022,9.71,Skinte,Delayed
683,BPK,FMC,9/3/2022,9/23/2022,7.16,Cogilith,On-time
684,QCH,SNF,9/13/2022,1/19/2022,1.43,Gabcube,Cancelled
685,LMB,FLH,3/9/2022,12/22/2022,15.58,Topiclounge,Cancelled
686,BBY,YTL,5/16/2022,5/24/2022,20.28,Babbleblab,On-time
687,QJI,BVX,4/18/2022,9/13/2022,5.16,Bluezoom,Delayed
688,MOO,OMH,3/26/2022,11/9/2022,11.53,Miboo,On-time
689,YPI,KIM,9/18/2022,9/26/2022,3.12,Linktype,Cancelled
690,DOA,BQT,7/19/2022,10/17/2022,2.07,Skivee,On-time
691,BKL,HOF,11/24/2022,3/21/2022,11.72,Jetwire,On-time
692,BLJ,LTH,7/30/2022,11/19/2022,9.6,Tagcat,Delayed
693,KPO,CMB,4/25/2022,2/28/2022,12.57,Skibox,On-time
694,DUT,ACM,4/27/2022,12/16/2022,7.8,Kayveo,Delayed
695,ECS,DTB,2/11/2022,7/12/2022,16.15,Photofeed,Cancelled
696,LEP,VHN,4/26/2022,2/18/2022,23.79,Voonte,Delayed
697,KCK,CDD,7/24/2022,5/7/2022,3.7,Jabbertype,Cancelled
698,QPS,ACR,1/4/2022,2/11/2022,3.24,Feedfire,Delayed
699,PPR,DOA,12/20/2022,6/26/2022,9.15,Photojam,Cancelled
700,TEK,PMY,9/28/2022,11/8/2022,4.87,Tazz,On-time
,AXN,PCQ,1/28/2022,12/3/2022,10.08,Quimm,Cancelled
702,BRB,VHM,3/28/2022,6/6/2022,19.98,Flashspan,On-time
703,YET,OKY,10/20/2022,2/1/2022,4.65,Skiba,Cancelled
704,GUL,SSS,3/7/2022,7/2/2022,23.71,Feedbug,Delayed
705,WTA,YPA,11/23/2022,3/29/2022,22.39,Photojam,Cancelled
706,RVH,KGY,11/3/2022,12/2/2022,21.61,Browsecat,On-time
707,PLM,TLG,5/1/2022,11/1/2022,11.99,Feedspan,On-time
,TPH,PCH,7/7/2022,7/19/2022,15.23,Skimia,On-time
709,HPB,UEL,7/22/2022,5/23/2022,14.01,Reallinks,Delayed
710,0,LSL,5/7/2022,5/31/2022,22.12,Livepath,Delayed
711,EOK,CGN,9/7/2022,11/4/2022,7.85,Oyoyo,On-time
712,YOP,CPB,1/26/2022,5/17/2022,17.77,Yodo,On-time
713,UBJ,YOS,11/21/2022,6/5/2022,23.45,Brightdog,Delayed
714,GSI,ACI,4/20/2022,2/25/2022,13.1,Wordpedia,On-time
,GHF,TUG,1/21/2022,5/28/2022,23.03,Kazu,Delayed
716,BAA,CFC,9/29/2022,1/14/2022,13.21,Centidel,On-time
717,PTD,AMC,3/19/2022,12/14/2022,3.41,Thoughtstorm,On-time
718,REP,KCT,10/17/2022,5/25/2022,2.53,Linktype,On-time
719,HVK,JSR,6/9/2022,11/11/2022,4.9,Brainsphere,Delayed
720,CBT,EIS,6/17/2022,5/23/2022,20.99,Kaymbo,Cancelled
721,MMS,KBM,7/31/2022,6/20/2022,12.18,Eimbee,Delayed
722,USK,LOU,10/6/2022,7/30/2022,9.65,Twitterlist,Delayed
723,DRG,FIZ,7/7/2022,7/28/2022,13.0,Oba,On-time
724,TUG,GBH,4/21/2022,6/3/2022,11.2,Flashset,Delayed
725,PBB,BKB,1/8/2022,6/14/2022,11.09,Quimba,Cancelled
726,TDA,MRI,1/24/2022,7/16/2022,11.88,Zoonder,Cancelled
727,CDI,QUY,8/30/2022,6/10/2022,19.37,Wordtune,Cancelled
728,SRG,TRY,11/25/2022,4/27/2022,22.07,Youspan,Delayed
729,BTG,OMC,12/25/2022,3/21/2022,20.26,Mynte,On-time
730,SHG,MTF,9/5/2022,1/26/2022,8.57,Jabbertype,Delayed
731,UUK,NMB,1/10/2022,4/26/2022,10.62,Devify,Delayed
732,KRT,SMY,8/23/2022,4/12/2022,10.82,Mydeo,Delayed
733,TIF,NFG,7/21/2022,10/9/2022,2.98,Pixoboo,Cancelled
734,EBL,AYO,10/29/2022,9/24/2022,1.17,Skyble,Delayed
735,ILD,NAE,4/17/2022,12/3/2022,21.94,Kwideo,On-time
736,CVF,TYG,1/16/2022,12/10/2022,22.54,Kimia,On-time
737,MFG,HYC,3/22/2022,3/28/2022,12.5,Flipstorm,Delayed
738,MUK,CEN,10/27/2022,9/17/2022,2.11,Wikizz,Cancelled
739,DPO,JDG,7/24/2022,8/17/2022,11.83,Topiclounge,On-time
740,ESF,JGN,12/30/2022,10/21/2022,2.63,Ailane,On-time
741,TAL,MQO,2/28/2022,1/5/2022,19.12,Youopia,Delayed
,WEW,JCU,12/3/2022,3/3/2022,11.4,Dabjam,Cancelled
743,COD,VRS,5/26/2022,1/29/2022,15.74,Photolist,Cancelled
744,MHX,ROF,2/24/2022,10/5/2022,16.36,BlogXS,Cancelled
745,MTV,YAR,4/5/2022,11/3/2022,21.37,Meevee,On-time
746,VGA,LFK,8/22/2022,8/1/2022,16.82,Realfire,Delayed
747,BUY,KUX,2/24/2022,10/31/2022,20.27,Fivespan,Cancelled
748,LEY,TSI,11/29/2022,4/1/2022,23.25,Fivebridge,On-time
749,YAG,ACR,6/3/2022,2/2/2022,20.74,Edgetag,On-time
750,AFF,TQP,6/15/2022,12/19/2022,13.97,Innojam,Delayed
751,TTO,WAW,12/18/2022,8/11/2022,18.44,Fatz,Delayed
752,GGE,SAG,12/28/2022,12/7/2022,23.72,Katz,Delayed
753,YBB,IRJ,11/27/2022,5/30/2022,12.21,Youspan,Cancelled
754,CMX,PTM,3/22/2022,6/9/2022,16.47,Yotz,On-time
755,VBG,XBJ,1/12/2022,3/23/2022,10.78,Skivee,Delayed
756,LGO,WXN,9/23/2022,8/29/2022,19.85,Quire,Cancelled
757,LIL,DSX,9/30/2022,1/4/2022,7.41,Realblab,Cancelled
758,BPN,PND,6/22/2022,3/23/2022,22.07,Divape,Cancelled
759,SWM,JBR,9/22/2022,7/29/2022,23.11,Wikizz,Delayed
760,DLG,DUG,2/14/2022,11/17/2022,13.23,Quatz,Delayed
761,SKJ,OLF,5/10/2022,4/4/2022,9.04,Skipstorm,Delayed
762,ATX,LSI,9/2/2022,7/21/2022,18.77,Katz,Delayed
763,TZC,PPV,7/7/2022,11/14/2022,8.26,Eimbee,Cancelled
764,0,RUU,9/10/2022,6/4/2022,15.57,Podcat,Delayed
765,WYB,BFJ,2/24/2022,5/25/2022,17.38,Meembee,On-time
766,BTI,YTL,5/23/2022,6/26/2022,23.4,Skipfire,Cancelled
767,SXS,YPS,4/3/2022,8/24/2022,8.21,Voomm,On-time
768,LKP,HKK,8/25/2022,3/3/2022,5.98,Reallinks,Delayed
769,TCW,OBS,3/15/2022,5/15/2022,23.62,Dablist,Delayed
770,OWB,OMR,10/20/2022,6/23/2022,18.48,Twitterbeat,On-time
771,HTI,YUD,4/17/2022,4/8/2022,8.09,Eamia,Cancelled
772,MYV,KHY,10/15/2022,1/2/2022,4.48,Blogtag,On-time
773,SHQ,CPO,12/22/2022,5/2/2022,16.03,Twitterbridge,Delayed
774,WBC,AYW,7/5/2022,5/24/2022,21.97,Edgepulse,Cancelled
775,GMU,KHI,10/31/2022,8/15/2022,9.21,Trudeo,On-time
776,RJB,AGE,8/3/2022,7/29/2022,15.41,Skyndu,On-time
777,MEH,HAQ,8/7/2022,1/1/2022,9.87,Aivee,Delayed
778,CKZ,PXM,9/7/2022,10/2/2022,4.03,Eayo,Delayed
,PMP,NJC,1/5/2022,1/19/2022,21.47,Teklist,Cancelled
780,PCH,CYW,3/5/2022,2/25/2022,15.78,Brainbox,Cancelled
781,YOG,BHX,11/25/2022,4/6/2022,2.66,Meedoo,On-time
782,NQI,MYE,8/17/2022,12/9/2022,5.2,Plambee,Cancelled
783,NAH,STI,11/6/2022,11/15/2022,15.56,Talane,On-time
784,VDS,OFJ,4/16/2022,4/9/2022,12.8,Mydo,On-time
785,LBS,CGH,9/13/2022,6/2/2022,9.39,Ntag,On-time
786,FLB,FOT,1/28/2022,7/13/2022,20.69,Yadel,Delayed
787,ADG,GYA,4/15/2022,11/5/2022,16.1,Oyoba,On-time
,TGH,VER,11/21/2022,1/2/2022,4.49,Feedfish,Delayed
789,APA,YCQ,5/31/2022,3/8/2022,4.29,Eimbee,Cancelled
790,BFK,RMG,6/8/2022,12/22/2022,13.59,Midel,Cancelled
791,SUD,TRB,5/20/2022,3/19/2022,20.84,Yamia,On-time
792,ACD,FCS,11/8/2022,9/10/2022,1.74,Yamia,On-time
793,HNM,PYB,3/26/2022,4/2/2022,14.76,LiveZ,Delayed
794,SJQ,GCK,12/8/2022,2/21/2022,22.47,Quamba,Cancelled
795,LPB,GLE,6/2/2022,3/24/2022,3.51,Linklinks,Delayed
796,MZV,SRM,3/12/2022,4/2/2022,12.98,Trilith,On-time
797,MPN,KYS,5/4/2022,8/28/2022,1.53,Devbug,On-time
,BUW,CKL,3/18/2022,12/30/2022,21.45,Roodel,On-time
799,CDA,CIT,10/2/2022,5/31/2022,12.7,Trudoo,Delayed
800,MUG,THL,12/7/2022,9/2/2022,22.76,Jabbersphere,Delayed
801,CUY,RXS,1/9/2022,3/12/2022,19.29,Gabcube,Delayed
802,YRB,AST,2/8/2022,8/30/2022,18.45,Twitterworks,Delayed
803,IKL,QUO,3/26/2022,9/11/2022,23.15,Oodoo,On-time
,RMT,YPA,6/13/2022,1/8/2022,22.42,Skiba,Delayed
,RJL,TOT,5/24/2022,10/25/2022,12.34,Tazz,Delayed
806,EOR,VIU,8/16/2022,9/13/2022,1.98,Innojam,Delayed
807,NKN,PEZ,9/30/2022,6/14/2022,11.33,Jabbersphere,Cancelled
808,0,FXO,2/23/2022,5/1/2022,5.93,Divanoodle,Delayed
809,SOD,GLH,6/2/2022,4/7/2022,11.82,Feedbug,Delayed
810,PCO,MUW,5/28/2022,6/15/2022,5.51,Vimbo,Delayed
811,ELB,TOO,5/1/2022,4/29/2022,1.93,Browsedrive,Cancelled
812,SAK,HUB,8/13/2022,10/4/2022,5.91,Skimia,On-time
813,IBO,SOJ,8/14/2022,11/8/2022,14.17,Topicshots,Delayed
814,ENA,NTA,6/17/2022,9/1/2022,7.13,Wordpedia,Delayed
815,PZB,BJV,10/8/2022,5/14/2022,17.53,Brainsphere,On-time
816,LHP,YMG,2/27/2022,7/24/2022,15.61,Gabcube,On-time
817,LTD,GGG,8/7/2022,2/1/2022,11.13,Trilia,Cancelled
818,CDQ,RIN,3/17/2022,7/12/2022,7.92,Ailane,Cancelled
819,GUH,ARA,2/9/2022,4/25/2022,10.32,Kanoodle,Cancelled
820,MPA,LRE,8/26/2022,6/12/2022,22.93,Yakitri,On-time
821,QPW,PAH,9/13/2022,5/12/2022,2.93,Avavee,On-time
822,MZL,PTN,1/23/2022,5/11/2022,2.24,Realbuzz,On-time
823,GCH,ICL,11/1/2022,2/3/2022,6.87,Trupe,Cancelled
824,SKQ,NGQ,7/14/2022,6/13/2022,16.53,Jetpulse,On-time
825,KRE,HAT,3/15/2022,1/25/2022,12.24,Skyble,On-time
,NYO,JIB,1/16/2022,9/9/2022,2.71,Riffpath,Delayed
827,PDL,LJU,9/26/2022,5/2/2022,9.47,Voolia,On-time
,GRR,KIK,4/25/2022,10/2/2022,22.03,Skyba,Delayed
829,PWQ,YQT,9/30/2022,5/25/2022,16.29,Skalith,Cancelled
830,BII,YER,7/21/2022,5/28/2022,5.48,Skipfire,Delayed
831,PWM,REZ,7/23/2022,9/8/2022,10.19,Yabox,Cancelled
832,PHX,KND,4/24/2022,6/3/2022,10.59,Centizu,On-time
833,LAE,NPP,4/10/2022,11/8/2022,21.13,Zoovu,On-time
834,PWA,DSV,6/10/2022,7/4/2022,19.33,Tagchat,Cancelled
835,YOJ,ATT,6/8/2022,7/27/2022,13.78,Jabbertype,Cancelled
,RTY,DJA,2/4/2022,10/23/2022,3.47,Cogilith,Cancelled
837,GRB,WRG,8/12/2022,5/25/2022,5.17,Dynazzy,Cancelled
838,MGY,PMF,3/26/2022,12/19/2022,5.11,Eamia,Cancelled
839,MOJ,SDX,8/21/2022,9/11/2022,5.43,Oloo,Cancelled
840,CRQ,YTH,8/15/2022,4/17/2022,9.45,Kazu,On-time
841,FWA,GSR,11/12/2022,6/12/2022,7.83,Dablist,Delayed
842,GQQ,BMM,10/28/2022,3/10/2022,2.36,Katz,On-time
843,FMG,BCM,6/25/2022,9/20/2022,9.78,Aibox,Cancelled
844,BHU,TOA,3/10/2022,2/18/2022,3.89,Aibox,Delayed
845,WBM,OHI,7/22/2022,12/5/2022,17.47,Trupe,Delayed
846,VRB,NRC,10/1/2022,11/21/2022,11.57,Plambee,On-time
847,YSX,MSW,7/6/2022,5/3/2022,12.29,Leenti,On-time
848,ZLX,CIO,3/14/2022,12/20/2022,3.96,Browsetype,On-time
849,HBE,EIN,12/24/2022,4/1/2022,16.16,Katz,Delayed
850,YIG,BLY,4/5/2022,2/18/2022,14.53,Tagtune,Delayed
851,PUD,AHT,9/22/2022,6/17/2022,11.58,Wikido,Delayed
852,POD,USK,5/18/2022,9/7/2022,22.77,Roombo,On-time
,XMH,0,8/15/2022,1/12/2022,21.4,Eazzy,Cancelled
854,LGH,DLH,10/10/2022,12/7/2022,21.64,Skimia,On-time
855,GBR,APV,8/26/2022,10/20/2022,17.24,Topdrive,Delayed
,KOK,OAX,11/7/2022,11/10/2022,18.92,Fadeo,Delayed
857,PHM,VNR,3/29/2022,2/8/2022,8.62,Jabberbean,On-time
858,AUY,SBN,2/1/2022,9/11/2022,21.14,Bubbletube,Cancelled
859,MDF,FRH,5/28/2022,12/2/2022,14.73,Meezzy,Cancelled
860,PXL,ESN,11/4/2022,3/13/2022,16.8,Youspan,On-time
861,PAH,JIC,3/19/2022,10/26/2022,4.02,Roodel,On-time
862,BUZ,OVD,1/17/2022,6/20/2022,11.53,Quamba,Cancelled
,JSI,STR,4/18/2022,6/3/2022,12.63,Leenti,Cancelled
864,MFK,CIV,3/3/2022,3/19/2022,3.22,Topiczoom,On-time
865,LRQ,CBL,5/30/2022,2/18/2022,14.5,Yata,Delayed
866,AMI,UVO,6/21/2022,9/2/2022,14.09,Yacero,Cancelled
867,CHS,AKU,1/4/2022,1/19/2022,1.56,Aimbo,Cancelled
868,HOE,DUG,8/26/2022,5/31/2022,17.76,Trilia,On-time
869,AVA,ERZ,7/12/2022,4/1/2022,23.97,Voolia,Cancelled
870,LZY,ABO,12/23/2022,1/27/2022,4.05,Dabjam,Delayed
871,NEJ,TPI,7/22/2022,7/6/2022,23.78,Youtags,Delayed
872,IXM,LGG,11/29/2022,7/8/2022,18.68,Jaxnation,On-time
873,LAE,ITM,9/30/2022,11/12/2022,3.52,Mybuzz,Delayed
874,GGC,AHL,2/9/2022,4/19/2022,17.49,Photofeed,Cancelled
875,MOE,CLR,9/4/2022,3/25/2022,3.84,Mycat,On-time
876,DEN,PHN,12/14/2022,11/19/2022,10.76,Meedoo,On-time
877,REB,AGQ,3/4/2022,6/7/2022,3.17,Lazz,Delayed
878,ACB,PDM,9/26/2022,11/20/2022,17.79,Tagfeed,Cancelled
879,MRZ,BQJ,8/15/2022,11/17/2022,10.64,Viva,Delayed
880,BGZ,OVS,8/2/2022,3/9/2022,1.91,Vinder,Cancelled
881,DWA,KUV,6/5/2022,10/8/2022,10.52,Kazu,On-time
882,OBL,KDW,2/3/2022,4/29/2022,16.88,Buzzshare,Delayed
883,LLJ,ESO,10/30/2022,6/28/2022,8.93,Rooxo,On-time
884,OSP,UBB,2/6/2022,11/17/2022,22.17,Topdrive,On-time
,TTE,QGU,5/14/2022,10/27/2022,1.99,Yozio,Cancelled
886,NPP,JER,1/8/2022,4/5/2022,3.41,Kwideo,On-time
887,MJC,DUJ,11/13/2022,2/5/2022,20.32,Kwideo,Cancelled
888,PAF,KBT,9/21/2022,5/8/2022,12.64,InnoZ,Delayed
889,LVL,AHI,9/13/2022,7/30/2022,2.95,Mynte,Delayed
890,SDC,REQ,9/22/2022,3/2/2022,19.84,Zoovu,Delayed
891,PYV,QID,3/21/2022,6/1/2022,3.73,Leexo,On-time
892,MVO,PPA,3/28/2022,10/23/2022,13.97,Flashspan,Cancelled
893,IKK,XME,10/2/2022,8/25/2022,22.65,Topdrive,On-time
894,PZK,YOG,10/26/2022,3/1/2022,7.53,Skiba,On-time
895,PVF,SXM,10/14/2022,5/30/2022,19.11,Realmix,On-time
896,YDQ,CRI,5/23/2022,7/7/2022,11.9,Jabbertype,Delayed
897,SDJ,KHE,6/12/2022,9/16/2022,12.87,Zazio,Delayed
898,MTD,RKW,12/4/2022,6/6/2022,10.29,Brainsphere,Cancelled
899,0,IMF,11/1/2022,8/5/2022,22.28,Skilith,On-time
,FCB,KKY,5/7/2022,8/1/2022,22.0,Npath,Cancelled
901,CEA,TYA,8/26/2022,4/27/2022,16.01,Edgeify,Cancelled
902,LER,KDV,8/28/2022,6/2/2022,9.88,Innotype,Delayed
903,UBA,WID,8/31/2022,11/19/2022,5.41,Skibox,Delayed
904,DOP,YZG,11/11/2022,12/2/2022,1.14,Photolist,On-time
905,MYK,MYP,11/20/2022,4/18/2022,1.13,Wordify,On-time
906,SZA,HHH,10/17/2022,4/19/2022,18.85,Devpulse,On-time
907,THH,NAQ,6/18/2022,12/10/2022,2.76,Wikibox,On-time
908,BCI,KEG,5/17/2022,11/25/2022,8.66,Thoughtbeat,On-time
909,LIT,KSS,9/6/2022,4/12/2022,15.1,Buzzdog,Delayed
910,KLZ,ESF,1/28/2022,7/23/2022,13.62,Katz,On-time
911,KHH,MZR,2/25/2022,5/27/2022,4.61,Jayo,Delayed
912,SUX,RKZ,12/13/2022,3/7/2022,20.81,Kayveo,Cancelled
913,GAT,GNA,1/12/2022,1/14/2022,7.85,Buzzdog,On-time
914,SME,NAU,7/8/2022,2/7/2022,15.33,Tagtune,Delayed
915,BMJ,TSY,9/30/2022,7/25/2022,2.84,Thoughtbridge,On-time
916,VAR,NAD,11/28/2022,4/8/2022,4.01,Topicstorm,On-time
917,TRG,BUA,11/16/2022,5/12/2022,21.82,Topicblab,On-time
918,ONQ,YVD,10/11/2022,4/15/2022,9.92,Eare,Cancelled
919,TWY,ANQ,4/9/2022,5/18/2022,8.84,Trudeo,Cancelled
920,CXA,HGE,9/4/2022,6/13/2022,15.51,Realcube,On-time
921,CMD,LAX,11/6/2022,9/5/2022,7.74,Fivechat,Delayed
922,UDA,CRU,2/13/2022,1/8/2022,20.61,Edgeify,Cancelled
923,AHL,SAZ,1/9/2022,11/22/2022,6.18,Zoomdog,Delayed
924,TJS,YGT,4/9/2022,9/28/2022,7.55,Muxo,Cancelled
925,JTI,CPS,9/9/2022,8/20/2022,13.43,Babbleset,Delayed
926,KNH,HFT,6/15/2022,5/9/2022,6.88,Abata,On-time
927,JSU,MZR,4/9/2022,6/22/2022,4.85,Abata,Cancelled
928,BRA,KWO,12/2/2022,4/9/2022,6.37,Tazz,Cancelled
929,ESM,PYA,2/2/2022,3/11/2022,2.56,Browsecat,Cancelled
930,IZO,VKS,8/29/2022,6/6/2022,8.8,Trupe,Delayed
931,TUE,MPU,5/21/2022,12/23/2022,13.89,Eazzy,Delayed
932,BSV,MXL,2/16/2022,11/29/2022,7.4,Flipbug,On-time
933,KOQ,AIT,4/15/2022,8/30/2022,20.51,Linkbuzz,Cancelled
934,AUS,AQI,6/11/2022,4/10/2022,14.15,Browsetype,On-time
935,FOU,NIB,6/7/2022,10/25/2022,17.4,Voomm,On-time
936,CUR,TJI,12/12/2022,12/30/2022,20.96,Devcast,Delayed
937,OKF,LBQ,4/13/2022,2/2/2022,10.68,Digitube,On-time
938,OVE,AOM,9/24/2022,4/18/2022,4.09,Thoughtstorm,Delayed
939,NIX,LCN,9/12/2022,10/1/2022,16.37,Katz,On-time
940,YEM,RBD,6/15/2022,12/12/2022,12.32,Skaboo,On-time
941,KYP,ORD,4/10/2022,7/28/2022,18.77,Aivee,Delayed
942,WLH,REQ,9/4/2022,11/28/2022,15.7,Talane,On-time
943,USR,NRS,11/7/2022,1/3/2022,8.56,Rhyloo,On-time
944,MXM,TOJ,2/21/2022,11/23/2022,10.87,Flipstorm,Delayed
945,OHB,IXT,4/7/2022,12/27/2022,23.46,Wikido,On-time
946,SHF,GID,1/27/2022,8/20/2022,10.09,Quire,Cancelled
947,WEP,DIM,1/15/2022,3/28/2022,23.19,Quinu,Cancelled
948,AKB,PDA,5/30/2022,8/1/2022,6.63,Einti,On-time
949,FRM,PLK,7/14/2022,12/27/2022,6.41,Devpulse,Delayed
950,SJH,EKS,11/14/2022,1/19/2022,13.56,Jabbercube,Cancelled
951,BCK,MTD,7/3/2022,8/29/2022,13.98,Jaloo,Cancelled
952,WRZ,BNK,8/12/2022,8/19/2022,17.45,Rhycero,On-time
953,ZSW,GUI,6/4/2022,8/22/2022,12.91,Avavee,Cancelled
954,PDE,DEP,9/8/2022,2/6/2022,5.03,Linkbridge,Cancelled
955,AMN,JAM,6/5/2022,2/2/2022,22.16,Viva,Delayed
956,PYC,EFG,3/14/2022,5/7/2022,13.7,Voonyx,Cancelled
957,YQM,LOE,1/10/2022,12/12/2022,16.84,Kwideo,Delayed
958,IKU,SNY,3/31/2022,8/30/2022,3.82,Aivee,Cancelled
959,RHI,KOD,10/1/2022,11/2/2022,21.02,Thoughtmix,On-time
960,MMV,RBE,1/16/2022,1/1/2022,18.48,Meezzy,Cancelled
961,EYP,CJJ,12/1/2022,10/5/2022,19.27,Vitz,Cancelled
962,GGS,BLK,11/7/2022,4/18/2022,7.12,Voomm,Delayed
963,HHP,OTZ,4/22/2022,11/10/2022,2.05,Yotz,Cancelled
964,SFZ,TYR,11/13/2022,9/9/2022,11.96,Tagpad,Cancelled
965,PGB,UKH,2/12/2022,1/21/2022,11.01,Topicshots,Delayed
966,BHR,HDH,4/5/2022,4/1/2022,18.08,Gigaclub,Delayed
967,TUP,QAC,5/5/2022,5/4/2022,11.71,Quimm,On-time
968,LDZ,YXQ,10/2/2022,3/23/2022,10.66,Oyondu,Delayed
969,ATD,WMN,8/20/2022,3/6/2022,11.6,Jabbersphere,On-time
970,BWT,JUA,12/16/2022,10/27/2022,3.05,Mycat,On-time
971,AEL,CPC,12/2/2022,11/7/2022,19.3,Brainverse,On-time
972,TRO,OTJ,11/7/2022,1/11/2022,20.69,Feedfire,Delayed
973,DAD,LUY,2/11/2022,5/17/2022,5.19,Meetz,Delayed
974,HYN,SLQ,10/13/2022,2/9/2022,1.84,Zooxo,On-time
975,YMO,TSM,6/16/2022,2/1/2022,3.27,Mycat,Cancelled
976,MSX,RJA,11/21/2022,11/7/2022,2.82,Livetube,Delayed
977,HWO,YZG,12/11/2022,11/9/2022,3.08,Linklinks,Delayed
978,OZR,DOI,12/12/2022,4/19/2022,23.55,Twimbo,Cancelled
979,BOY,QJP,10/29/2022,2/28/2022,16.24,Divape,Cancelled
980,QGP,SLV,10/7/2022,7/20/2022,18.05,Topdrive,On-time
981,ASI,VPS,3/18/2022,12/19/2022,1.66,Zoonder,Cancelled
982,CAR,MWI,6/7/2022,2/24/2022,6.53,Flipopia,On-time
983,DHG,MMI,5/11/2022,4/6/2022,4.72,Browseblab,Cancelled
984,STG,NEN,4/7/2022,9/30/2022,2.6,Twitterworks,Cancelled
985,GMS,DAC,7/11/2022,11/18/2022,9.67,Kwideo,On-time
986,BVX,QID,7/4/2022,5/29/2022,14.9,Dabvine,Cancelled
987,LEK,MXX,8/16/2022,4/1/2022,9.93,Kazu,On-time
988,LNL,0,1/16/2022,10/29/2022,4.01,Gevee,Delayed
989,SKR,SNO,1/25/2022,10/5/2022,22.94,Ooba,Delayed
990,MWY,FLY,5/1/2022,5/24/2022,1.43,Jaxworks,Delayed
991,CSA,XIC,8/3/2022,12/2/2022,10.0,Meevee,On-time
992,ELE,NLS,2/24/2022,5/2/2022,3.03,Yamia,Delayed
993,VHZ,MKP,1/14/2022,1/13/2022,23.47,Yadel,Delayed
994,EIN,POB,10/7/2022,8/29/2022,8.98,Edgewire,On-time
995,RZN,KGO,4/11/2022,1/25/2022,12.66,Oyope,Delayed
996,SOP,FTX,4/25/2022,6/3/2022,21.26,Yacero,Cancelled
997,LFM,MEN,11/14/2022,5/5/2022,9.89,Nlounge,Cancelled
998,MJN,MSO,5/8/2022,11/16/2022,5.91,Browsebug,Delayed
999,KDR,IXT,1/8/2022,10/20/2022,19.07,BlogXS,Delayed
1000,TDG,TGZ,3/28/2022,11/26/2022,23.27,Zooveo,Cancelled
